Lorem,Ipsum,Dolor,Sit,Amet,Diceret,Action
Lorem,Ipsum,Dolor,Sit,Amet,Diceret,Action,Iuvaret0,Apeirian0,Adipisci0,Definiebas0,Consequuntur0,Phaedrum0,edit delete
Lorem,Ipsum,Dolor,Sit,Amet,Diceret,Action,Iuvaret1,Apeirian1,Adipisci1,Definiebas1,Consequuntur1,Phaedrum1,edit delete
Lorem,Ipsum,Dolor,Sit,Amet,Diceret,Action,Iuvaret2,Apeirian2,Adipisci2,Definiebas2,Consequuntur2,Phaedrum2,edit delete
Lorem,Ipsum,Dolor,Sit,Amet,Diceret,Action,Iuvaret3,Apeirian3,Adipisci3,Definiebas3,Consequuntur3,Phaedrum3,edit delete
Lorem,Ipsum,Dolor,Sit,Amet,Diceret,Action,Iuvaret4,Apeirian4,Adipisci4,Definiebas4,Consequuntur4,Phaedrum4,edit delete
Lorem,Ipsum,Dolor,Sit,Amet,Diceret,Action,Iuvaret5,Apeirian5,Adipisci5,Definiebas5,Consequuntur5,Phaedrum5,edit delete
Lorem,Ipsum,Dolor,Sit,Amet,Diceret,Action,Iuvaret6,Apeirian6,Adipisci6,Definiebas6,Consequuntur6,Phaedrum6,edit delete
Lorem,Ipsum,Dolor,Sit,Amet,Diceret,Action,Iuvaret7,Apeirian7,Adipisci7,Definiebas7,Consequuntur7,Phaedrum7,edit delete
Lorem,Ipsum,Dolor,Sit,Amet,Diceret,Action,Iuvaret8,Apeirian8,Adipisci8,Definiebas8,Consequuntur8,Phaedrum8,edit delete
Lorem,Ipsum,Dolor,Sit,Amet,Diceret,Action,Iuvaret9,Apeirian9,Adipisci9,Definiebas9,Consequuntur9,Phaedrum9,edit delete
